{"cameraMode":{"drawMode":0,"name":"Shaded","section":"Shading Mode"},"sceneLighting":false,"audioPlay":false,"sceneViewState":{"m_AlwaysRefresh":false,"showFog":true,"showSkybox":false,"showFlares":true,"showImageEffects":true,"showParticleSystems":true,"showVisualEffectGraphs":true,"m_FxEnabled":true},"in2DMode":false,"pivot":{"x":0.16224324703216554,"y":0.1770753264427185,"z":0.21692848205566407},"rotation":{"x":0.054744936525821689,"y":0.6508877277374268,"z":-0.04714515805244446,"w":0.7557371854782105},"size":0.39484134316444399,"orthographic":false}